timestamp,service,cpu_usage_pct,memory_usage_pct,http_error_rate_5xx,request_latency_p99,pod_restart_count_delta,network_rx_bytes_delta,network_tx_bytes_delta
1774664381.9772081,auth-service,0.43996480281577427,17.99774169921875,0.0,0.099,0.0,0.0,0.0
1774664382.022249,api-gateway,30.39878404863806,27.75726318359375,0.0,0.2485227272727273,0.0,0.0,0.0
1774664382.055264,order-service,1.4798816094712408,18.841552734375,0.0,0.21766666666666648,0.0,0.0,0.0
1774664382.0976582,payment-service,1.1199552017919276,18.51043701171875,0.0,0.24723275862068966,0.0,0.0,0.0
1774664382.1323378,inventory-service,1.1600000000000001,17.962646484375,0.0,0.024804347826086957,0.0,0.0,0.0
1774664382.1636019,notification-service,0.2000000000000011,17.852783203125,0.0,0.049636363636363645,0.0,0.0,0.0
1774664387.209975,auth-service,0.23999040038398486,17.99774169921875,0.0,0.04975,0.0,0.0,0.0
1774664387.242156,api-gateway,32.03871845126197,27.9510498046875,0.0,0.09841666666666668,0.0,0.0,0.0
1774664387.2724218,order-service,1.519999999999998,18.841552734375,0.0,0.21175000000000008,0.0,0.0,0.0
1774664387.305762,payment-service,1.1199104071674257,18.51043701171875,0.0,0.0987857142857143,0.0,0.0,0.0
1774664387.338825,inventory-service,1.239950401983921,17.962646484375,0.0,0.0497,0.0,0.0,0.0
1774664387.371113,notification-service,0.1599936002559899,17.852783203125,0.0,0.049600000000000005,0.0,0.0,0.0
1774664392.407669,auth-service,0.12000000000000012,17.99774169921875,0.0,nan,0.0,0.0,0.0
1774664392.442137,api-gateway,32.440000000000026,27.740478515625,0.0,0.08992391304347817,0.0,0.0,0.0
1774664392.478736,order-service,1.4400000000000013,18.841552734375,0.0,0.19060000000000027,0.0,0.0,0.0
1774664392.512532,payment-service,1.1199552017919276,18.51043701171875,0.0,0.2473,0.0,0.0,0.0
1774664392.54996,inventory-service,1.2799488020479193,17.962646484375,0.0,0.0495625,0.0,0.0,0.0
1774664392.58354,notification-service,0.23999040038398486,17.852783203125,0.0,0.04952777777777778,0.0,0.0,0.0
1774664397.620407,auth-service,0.12000000000000012,17.99774169921875,0.0,0.09699999999999999,0.0,0.0,0.0
1774664397.658804,api-gateway,31.87872485100593,27.740478515625,0.0,0.24019827586206896,0.0,0.0,0.0
1774664397.691862,order-service,1.3999440022399108,18.841552734375,0.0,0.21121428571428574,0.0,0.0,0.0
1774664397.724483,payment-service,1.1600000000000001,18.51043701171875,0.0,0.09910000000000001,0.0,0.0,0.0
1774664397.755918,inventory-service,1.2799488020479193,17.962646484375,0.0,0.049600000000000005,0.0,0.0,0.0
1774664397.787756,notification-service,0.23999999999999932,17.852783203125,0.0,0.24725,0.0,0.0,0.0
1774664402.826833,auth-service,0.1599936002559899,17.99774169921875,0.0,0.09399999999999997,0.0,0.0,0.0
1774664402.877619,api-gateway,34.640000000000015,28.179931640625,0.0,0.24958724832214763,0.0,0.0,0.0
1774664402.925809,order-service,1.3599999999999994,18.841552734375,0.0,0.098875,0.0,0.0,0.0
1774664402.965292,payment-service,1.1600000000000001,18.51043701171875,0.0,0.24706617647058823,0.0,0.0,0.0
1774664403.004101,inventory-service,1.4000000000000004,17.962646484375,0.0,0.049625,0.0,0.0,0.0
1774664403.043512,notification-service,0.24001920153612308,17.852783203125,0.0,0.2475,0.0,0.0,0.0
1774664408.084171,auth-service,0.15998720102391822,17.99774169921875,0.0,nan,0.0,0.0,0.0
1774664408.128813,api-gateway,35.60000000000002,28.179931640625,0.0,0.24945283018867925,0.0,0.0,0.0
1774664408.186552,order-service,1.4401152092167369,18.841552734375,0.0,0.20170000000000016,0.0,0.0,0.0
1774664408.234776,payment-service,1.1600000000000001,18.51043701171875,0.0,0.2473157894736842,0.0,0.0,0.0
1774664408.280311,inventory-service,1.3999999999999986,17.962646484375,0.0,0.04966666666666667,0.0,0.0,0.0
1774664408.330009,notification-service,0.23999999999999846,17.852783203125,0.0,0.2479375,0.0,0.0,0.0
1774664413.391021,auth-service,0.19998400127989777,17.99774169921875,0.0,nan,0.0,0.0,0.0
1774664413.4452999,api-gateway,35.99999999999997,27.75421142578125,0.0,0.09840000000000002,0.0,0.0,0.0
1774664413.497659,order-service,1.519999999999998,18.939208984375,0.0,0.09816666666666667,0.0,0.0,0.0
1774664413.557836,payment-service,1.2801024081926549,18.51043701171875,0.0,0.24719999999999998,0.0,0.0,0.0
1774664413.613152,inventory-service,1.4000000000000004,17.962646484375,0.0,0.0496875,0.0,0.0,0.0
1774664413.6598752,notification-service,0.23999999999999932,17.852783203125,0.0,0.24764285714285714,0.0,0.0,0.0
1774664418.7089212,auth-service,0.20000000000000018,17.99774169921875,0.0,nan,0.0,0.0,0.0
1774664418.751363,api-gateway,35.99999999999997,27.75421142578125,0.0,0.223,0.0,0.0,0.0
1774664418.797106,order-service,1.68,19.036865234375,0.0,0.04966666666666667,0.0,0.0,0.0
1774664418.843821,payment-service,1.4000000000000004,18.51043701171875,0.0,0.09928571428571428,0.0,0.0,0.0
1774664418.9131799,inventory-service,1.2799999999999994,18.011474609375,0.0,0.0497,0.0,0.0,0.0
1774664418.961189,notification-service,0.23999999999999932,17.852783203125,0.0,0.248,0.0,0.0,0.0
1774664424.008395,auth-service,0.20000000000000018,17.99774169921875,0.0,0.0497,0.0,0.0,0.0
1774664424.100777,api-gateway,38.56000000000003,27.75421142578125,0.0,0.45,0.0,0.0,0.0
1774664424.1580842,order-service,1.8798496120310384,19.085693359375,0.0,0.18175000000000008,0.0,0.0,0.0
1774664424.213661,payment-service,1.4399999999999977,18.51043701171875,0.0,0.24661206896551724,0.0,0.0,0.0
1774664424.2747111,inventory-service,1.4800000000000004,18.011474609375,0.0,0.02481741379310345,0.0,0.0,0.0
1774664424.348898,notification-service,0.23999999999999932,17.852783203125,0.0,0.095,0.0,0.0,0.0
1774664429.416131,auth-service,0.16001920230427666,17.99774169921875,0.0,nan,0.0,0.0,0.0
1774664429.4600918,api-gateway,37.360000000000014,27.75421142578125,0.0,0.21100000000000016,0.0,0.0,0.0
1774664429.56143,order-service,1.960000000000001,19.085693359375,0.0,0.21493750000000014,0.0,0.0,0.0
1774664429.6044722,payment-service,1.4801184094727584,18.51043701171875,0.0,0.2474772727272727,0.0,0.0,0.0
1774664429.649419,inventory-service,1.4800000000000004,18.011474609375,0.0,0.024817222222222223,0.0,0.0,0.0
1774664429.700812,notification-service,0.27996640403151646,17.852783203125,0.0,0.09550000000000002,0.0,0.0,0.0
1774664434.7503,auth-service,0.16001280102408208,17.99774169921875,0.0,nan,0.0,0.0,0.0
1774664434.801805,api-gateway,38.120000000000005,27.75421142578125,0.0,0.24025000000000005,0.0,0.0,0.0
1774664434.840906,order-service,1.92,19.085693359375,0.0,0.099,0.0,0.0,0.0
1774664434.882755,payment-service,1.320000000000002,18.51043701171875,0.04000000000000001,0.24738181818181817,0.0,0.0,0.0
1774664434.929754,inventory-service,1.5200000000000014,18.011474609375,0.0,0.024814210526315793,0.0,0.0,0.0
1774664434.977107,notification-service,0.2799776017918569,17.852783203125,0.0,0.09399999999999997,0.0,0.0,0.0
1774664440.0333781,auth-service,0.12000960076806155,17.99774169921875,0.0,nan,0.0,0.0,0.0
1774664440.069906,api-gateway,38.24000000000004,27.75421142578125,0.0,0.24399999999999997,0.0,0.0,0.0
1774664440.106814,order-service,2.0,19.085693359375,0.0,0.19570000000000004,0.0,0.0,0.0
1774664440.1439822,payment-service,1.2799999999999994,18.51043701171875,0.04,0.24732142857142855,0.0,0.0,0.0
1774664440.183189,inventory-service,1.5200000000000014,18.011474609375,0.0,0.024805783582089555,0.0,0.0,0.0
1774664440.226718,notification-service,0.20000000000000018,17.852783203125,0.0,0.09450000000000001,0.0,0.0,0.0
1774664445.266117,auth-service,0.12000000000000012,17.99774169921875,0.0,nan,0.0,0.0,0.0
1774664445.319167,api-gateway,38.160000000000025,27.75421142578125,0.0,0.24772115384615387,0.0,0.0,0.0
1774664445.3645408,order-service,1.9199999999999982,19.085693359375,0.0,0.09699999999999999,0.0,0.0,0.0
1774664445.4200351,payment-service,1.3600000000000012,18.51043701171875,0.08,0.09911363636363636,0.0,0.0,0.0
1774664445.4736571,inventory-service,1.6000000000000014,18.011474609375,0.0,0.02481063122923588,0.0,0.0,0.0
1774664445.5266151,notification-service,0.2796644027167402,17.852783203125,0.0,0.09200000000000005,0.0,0.0,0.0
1774664450.5843542,auth-service,0.16000000000000014,17.99774169921875,0.0,nan,0.0,0.0,0.0
1774664450.629269,api-gateway,38.71999999999997,27.99835205078125,0.0,0.2383809523809522,0.0,0.0,0.0
1774664450.6705558,order-service,1.8001440115209186,19.085693359375,0.0,0.09899999999999999,0.0,0.0,0.0
1774664450.719831,payment-service,1.1999999999999993,18.51043701171875,0.08,0.09866666666666668,0.0,0.0,0.0
1774664450.761492,inventory-service,1.68,18.011474609375,0.0,0.024804046242774568,0.0,0.0,0.0
1774664450.798246,notification-service,0.3200000000000003,17.852783203125,0.0,0.09574999999999999,0.0,0.0,0.0
1774664455.8493729,auth-service,0.12000000000000012,17.99774169921875,0.0,0.09550000000000002,0.0,0.0,0.0
1774664455.899013,api-gateway,39.359999999999985,27.99835205078125,0.0,0.40874999999999995,0.0,0.0,0.0
1774664455.9422688,order-service,1.6399999999999988,19.134521484375,0.0,0.09800000000000002,0.0,0.0,0.0
1774664455.991903,payment-service,1.1199999999999992,18.51043701171875,0.04,0.09775,0.0,0.0,0.0
1774664456.0374122,inventory-service,1.6400000000000008,18.011474609375,0.0,0.024803947368421054,0.0,0.0,0.0
1774664456.079202,notification-service,0.3200384046085533,17.852783203125,0.0,0.095,0.0,0.0,0.0
1774664461.1216269,auth-service,0.12000000000000012,17.99774169921875,0.0,nan,0.0,0.0,0.0
1774664461.1603572,api-gateway,39.51999999999998,27.850341796875,0.0,0.23341818181818172,0.0,0.0,0.0
1774664461.2044082,order-service,1.800000000000001,19.232177734375,0.0,0.22131249999999986,0.0,0.0,0.0
1774664461.241334,payment-service,1.1199999999999992,18.51043701171875,0.08,0.09550000000000002,0.0,0.0,0.0
1774664461.2865841,inventory-service,1.5599999999999987,18.011474609375,0.0,0.024807530120481928,0.0,0.0,0.0
1774664461.327418,notification-service,0.3200256020481641,17.852783203125,0.0,0.09524999999999997,0.0,0.0,0.0
1774664466.369858,auth-service,0.16000000000000014,17.99774169921875,0.0,nan,0.0,0.0,0.0
1774664466.411677,api-gateway,41.95999999999998,30.975341796875,0.0,0.2411730769230768,0.0,0.0,0.0
1774664466.4601011,order-service,1.7600000000000016,19.232177734375,0.0,0.22913636363636353,0.0,0.0,0.0
1774664466.506499,payment-service,1.1199999999999992,18.51043701171875,0.12,0.2473,0.0,0.0,0.0
1774664466.552715,inventory-service,1.8800000000000008,18.011474609375,0.0,0.02481845637583893,0.0,0.0,0.0
1774664466.6025229,notification-service,0.40000000000000036,17.852783203125,0.0,0.09649999999999999,0.0,0.0,0.0
1774664471.663938,auth-service,0.16000000000000014,17.99774169921875,0.0,nan,0.0,0.0,0.0
1774664471.7048,api-gateway,39.27528696556416,28.3660888671875,0.0,0.23403225806451622,0.0,0.0,0.0
1774664471.742052,order-service,1.800000000000001,19.232177734375,0.0,0.23118181818181816,0.0,0.0,0.0
1774664471.776751,payment-service,0.9599999999999991,18.51043701171875,0.08,0.04975,0.0,0.0,0.0
1774664471.8067799,inventory-service,1.8000000000000027,18.011474609375,0.0,0.049625,0.0,0.0,0.0
1774664471.8372831,notification-service,0.32038446135362464,17.852783203125,0.0,0.24774999999999997,0.0,0.0,0.0
1774664476.872834,auth-service,0.20000000000000018,17.99774169921875,0.0,nan,0.0,0.0,0.0
1774664476.914031,api-gateway,31.240000000000013,28.3660888671875,0.0,0.0993,0.0,0.0,0.0
1774664476.9444249,order-service,1.7200000000000024,19.232177734375,0.0,0.20699999999999963,0.0,0.0,0.0
1774664476.975391,payment-service,0.8000000000000007,18.51043701171875,0.08,0.0497,0.0,0.0,0.0
1774664477.004172,inventory-service,1.4399999999999995,18.011474609375,0.0,0.0248212543554007,0.0,0.0,0.0
1774664477.0350132,notification-service,0.28000000000000025,17.852783203125,0.0,0.24774999999999997,0.0,0.0,0.0
1774664482.0650449,auth-service,0.23998080153587736,17.99774169921875,0.0,0.0495,0.0,0.0,0.0
1774664482.11022,api-gateway,23.80000000000001,28.3660888671875,0.0,0.24605339805825244,0.0,0.0,0.0
1774664482.1475909,order-service,1.5198784097272215,19.232177734375,0.0,0.20620000000000013,0.0,0.0,0.0
1774664482.1814048,payment-service,0.6799999999999997,18.51043701171875,0.08,0.24655000000000002,0.0,0.0,0.0
1774664482.212966,inventory-service,1.2399999999999984,18.011474609375,0.0,0.024804375000000004,0.0,0.0,0.0
1774664482.240343,notification-service,0.24000000000000024,17.852783203125,0.0,0.09600000000000003,0.0,0.0,0.0
1774664487.27635,auth-service,0.24000000000000024,17.99774169921875,0.0,nan,0.0,0.0,0.0
1774664487.3200178,api-gateway,16.75999999999999,28.3660888671875,0.0,0.2416375,0.0,0.0,0.0
1774664487.349905,order-service,1.1199999999999974,19.232177734375,0.0,0.23414285714285726,0.0,0.0,0.0
1774664487.37953,payment-service,0.5600000000000005,18.51043701171875,0.04,0.0985,0.0,0.0,0.0
1774664487.40668,inventory-service,1.0399999999999991,18.011474609375,0.0,0.024799489795918367,0.0,0.0,0.0
1774664487.4387798,notification-service,0.23995200959808063,17.852783203125,0.0,0.097,0.0,0.0,0.0
1774664492.481575,auth-service,0.24000000000000024,17.99774169921875,0.0,0.024850000000000004,0.0,0.0,0.0
1774664492.52763,api-gateway,7.000000000000058,28.3660888671875,0.0,0.0995,0.0,0.0,0.0
1774664492.5566819,order-service,0.8000000000000007,19.232177734375,0.0,0.22700000000000006,0.0,0.0,0.0
1774664492.5872,payment-service,0.3600000000000012,18.51043701171875,0.0,0.24649999999999997,0.0,0.0,0.0
1774664492.6166432,inventory-service,0.5599999999999987,18.011474609375,0.0,0.024804651162790698,0.0,0.0,0.0
1774664492.644726,notification-service,0.24000000000000024,17.852783203125,0.0,0.04975,0.0,0.0,0.0
1774664497.67539,auth-service,0.24000000000000024,17.99774169921875,0.0,nan,0.0,0.0,0.0
1774664497.761046,api-gateway,0.3599856005759906,28.3660888671875,0.0,nan,0.0,0.0,0.0
1774664497.833199,order-service,0.4799616030717547,19.232177734375,0.0,0.0993,0.0,0.0,0.0
1774664497.895782,payment-service,0.24000000000000196,18.51043701171875,0.0,0.0995,0.0,0.0,0.0
1774664497.9541209,inventory-service,0.2799999999999976,18.011474609375,0.0,nan,0.0,0.0,0.0
1774664498.02018,notification-service,0.23996160614301731,17.852783203125,0.0,nan,0.0,0.0,0.0
